feedline_width_fw_mm,patch_length_pl_mm,patch_width_pw_mm,resonant_frequency_ghz,minimum_s11_db,bandwidth_ghz,z_real,z_imaginary
0.4,2.45,2.95,39.289,-25.766,1.365,62.973554,1.4284116
0.4,2.45,2.99,39.232,-30.086,1.368,65.557081,0.99485308
0.4,2.45,3.03,39.175,-37.281,1.359001,67.832519,0.40962177
0.4,2.45,3.07,39.124,-44.14,1.347,70.51716,-0.18732403
0.4,2.45,3.11,39.07,-32.343,1.335003,73.002861,-0.85954217
0.4,2.45,3.15,39.022,-27.006,1.313999,75.955383,-1.6431753
0.4,2.45,3.19,38.971,-24.021,1.289997,78.661751,-2.4479769
0.4,2.45,3.23,38.914,-21.871,1.263001,81.406618,-3.1919336
0.4,2.45,3.27,38.863,-19.977,1.230004,84.495239,-4.3329616
0.4,2.45,3.31,38.815,-18.184,1.188,88.289666,-5.6587911
0.4,2.46,2.95,39.157,-24.739,1.368,62.154904,1.4666138
0.4,2.46,2.99,39.097,-28.436,1.368,64.666069,0.8942735
0.4,2.46,3.03,39.043,-33.834,1.362004,66.945474,0.55519489
0.4,2.46,3.07,38.992,-65.405,1.353001,69.597334,0.026616208
0.4,2.46,3.11,38.938,-35.236,1.341,72.049433,-0.58070841
0.4,2.46,3.15,38.89,-28.468,1.323001,74.970665,-1.2778517
0.4,2.46,3.19,38.842,-25.05,1.301998,77.693703,-1.7895077
0.4,2.46,3.23,38.782,-22.677,1.275001,80.347984,-2.6649552
0.4,2.46,3.27,38.734,-20.625,1.245,83.474217,-3.4801203
0.4,2.46,3.31,38.686,-18.715,1.202999,87.242464,-4.6605665
0.4,2.47,2.95,39.022,-23.841,1.368,61.32717,1.245565
0.4,2.47,2.99,38.965,-27.081,1.368,63.836108,0.91406845
0.4,2.47,3.03,38.911,-31.423,1.365001,66.077096,0.62144734
0.4,2.47,3.07,38.86,-42.945,1.359001,68.693991,0.15658384
0.4,2.47,3.11,38.809,-39.479,1.344002,71.150239,-0.18648479
0.4,2.47,3.15,38.761,-30.188,1.332001,74.040643,-0.80009686
0.4,2.47,3.19,38.71,-26.191,1.311001,76.679103,-1.4470003
0.4,2.47,3.23,38.653,-23.544,1.284,79.350411,-2.0291637
0.4,2.47,3.27,38.605,-21.311,1.254001,82.443407,-2.7411783
0.4,2.47,3.31,38.557,-19.268,1.217998,86.181099,-3.7864299
0.4,2.48,2.95,38.89,-23.046,1.365001,60.553728,1.1499231
0.4,2.48,2.99,38.833,-25.934,1.368,63.027466,0.86581588
0.4,2.48,3.03,38.779,-29.576,1.365001,65.230857,0.61484126
0.4,2.48,3.07,38.728,-37.343,1.362004,67.812079,0.20774699
0.4,2.48,3.11,38.677,-47.857,1.349998,70.226945,-0.081507659
0.4,2.48,3.15,38.629,-32.278,1.334999,73.082802,-0.62165771
0.4,2.48,3.19,38.581,-27.472,1.32,75.722376,-0.98561463
0.4,2.48,3.23,38.524,-24.485,1.296002,78.355513,-1.4946513
0.4,2.48,3.27,38.473,-22.039,1.269001,81.366112,-2.332707
0.4,2.48,3.31,38.425,-19.845,1.236,85.064637,-3.2530469
0.4,2.49,2.95,38.761,-22.329,1.361999,59.81514,1.1407535
0.4,2.49,2.99,38.704,-24.937,1.368,62.254949,0.90334112
0.4,2.49,3.03,38.65,-28.078,1.368,64.422843,0.69426731
0.4,2.49,3.07,38.599,-34.027,1.365002,66.971362,0.34439138
0.4,2.49,3.11,38.548,-52.281,1.355999,69.345728,0.10628475
0.4,2.49,3.15,38.5,-34.976,1.343998,72.169351,-0.3614493
0.4,2.49,3.19,38.452,-28.949,1.326001,74.763284,-0.65955955
0.4,2.49,3.23,38.395,-25.523,1.305,77.356488,-1.1018641
0.4,2.49,3.27,38.347,-22.819,1.278,80.374565,-1.6310742
0.4,2.49,3.31,38.299,-20.454,1.248001,84.035961,-2.4263774
0.4,2.5,2.95,38.629,-21.683,1.359001,59.083492,0.89700233
0.4,2.5,2.99,38.572,-24.065,1.364997,61.488245,0.69852444
0.4,2.5,3.03,38.518,-26.829,1.365,63.618543,0.52363166
0.4,2.5,3.07,38.47,-31.674,1.368,66.150303,0.42147755
0.4,2.5,3.11,38.416,-41.211,1.358997,68.465464,0.027461152
0.4,2.5,3.15,38.371,-38.801,1.350002,71.275361,-0.16993444
0.4,2.5,3.19,38.323,-30.683,1.332001,73.825406,-0.40829956
0.4,2.5,3.23,38.266,-26.674,1.313999,76.377901,-0.78922824
0.4,2.5,3.27,38.218,-23.657,1.290001,79.354943,-1.2363905
0.4,2.5,3.31,38.17,-21.093,1.263,82.971665,-1.9207425
0.4,2.51,2.95,38.5,-21.093,1.355999,58.38629,0.75421003
0.4,2.51,2.99,38.443,-23.285,1.368,60.757598,0.59601855
0.4,2.51,3.03,38.389,-25.757,1.368,62.852264,0.45391961
0.4,2.51,3.07,38.341,-29.857,1.368,65.344988,0.39827335
0.4,2.51,3.11,38.29,-36.566,1.362,67.643177,0.25086044
0.4,2.51,3.15,38.242,-45.604,1.356003,70.395776,-0.087003803
0.4,2.51,3.19,38.194,-32.81,1.338002,72.902038,-0.2715584
0.4,2.51,3.23,38.137,-27.973,1.322998,75.413698,-0.59805837
0.4,2.51,3.27,38.089,-24.566,1.299,78.348296,-0.97130444
0.4,2.51,3.31,38.044,-21.768,1.271999,81.94738,-1.3289133
0.4,2.52,2.95,38.371,-20.55,1.353,57.708818,0.53472766
0.4,2.52,2.99,38.314,-22.582,1.365002,60.04542,0.41190586
0.4,2.52,3.03,38.26,-24.818,1.368,62.106534,0.29875162
0.4,2.52,3.07,38.212,-28.382,1.368,64.561234,0.28546328
0.4,2.52,3.11,38.161,-33.597,1.368,66.819461,0.17668524
0.4,2.52,3.15,38.116,-59.136,1.359001,69.548661,0.099114996
0.4,2.52,3.19,38.065,-35.568,1.347,71.998734,-0.24085183
0.4,2.52,3.23,38.011,-29.47,1.328999,74.486304,-0.30441925
0.4,2.52,3.27,37.963,-25.56,1.307999,77.381834,-0.60496573
0.4,2.52,3.31,37.915,-22.485,1.284,80.907719,-1.0866886
0.4,2.53,2.95,38.242,-20.051,1.349999,57.058068,0.27388536
0.4,2.53,2.99,38.185,-21.943,1.361999,59.35818,0.18156291
0.4,2.53,3.03,38.131,-23.991,1.365001,61.390166,0.095966832
0.4,2.53,3.07,38.083,-27.148,1.370998,63.807424,0.12236143
0.4,2.53,3.11,38.032,-31.431,1.368,66.027649,0.047072399
0.4,2.53,3.15,37.987,-43.281,1.361999,68.717937,0.019833115
0.4,2.53,3.19,37.939,-39.513,1.350002,71.139084,-0.066235332
0.4,2.53,3.23,37.885,-31.238,1.335002,73.578348,-0.080535618
0.4,2.53,3.27,37.837,-26.654,1.32,76.43659,-0.31256173
0.4,2.53,3.31,37.789,-23.248,1.292999,79.916924,-0.70116345
0.4,2.54,2.95,38.113,-19.589,1.343998,56.431454,-0.063877848
0.4,2.54,2.99,38.056,-21.363,1.358997,58.701153,-0.12890983
0.4,2.54,3.03,38.005,-23.25,1.368,60.69983,-0.001687684
0.4,2.54,3.07,37.957,-26.087,1.371003,63.080933,0.063315547
0.4,2.54,3.11,37.906,-29.733,1.368,65.266528,0.022385856
0.4,2.54,3.15,37.861,-37.923,1.368,67.91935,0.04751218
0.4,2.54,3.19,37.813,-46.752,1.355999,70.294717,0.005842193
0.4,2.54,3.23,37.759,-33.401,1.340999,72.694178,0.034396626
0.4,2.54,3.27,37.711,-27.88,1.326001,75.510655,-0.13615925
0.4,2.54,3.31,37.666,-24.066,1.305,78.953054,-0.21737992
0.422,2.45,2.95,39.343,-23.588,1.349998,59.509302,1.827328
0.422,2.45,2.99,39.286,-26.757,1.368,61.955478,1.4540674
0.422,2.45,3.03,39.223,-31.478,1.365001,64.309484,0.83497506
0.422,2.45,3.07,39.175,-40.66,1.355999,66.539476,0.35943366
0.422,2.45,3.11,39.115,-39.167,1.344002,69.157268,-0.44794929
0.422,2.45,3.15,39.07,-30.374,1.328999,71.811987,-1.1017733
0.422,2.45,3.19,39.013,-25.907,1.305001,74.691249,-1.9902716
0.422,2.45,3.23,38.953,-23.02,1.278004,77.562816,-2.8940166
0.422,2.45,3.27,38.929,-21.484,1.257,79.602165,-3.6114578
0.422,2.45,3.31,38.857,-19.053,1.206001,83.804286,-5.3156109
0.422,2.46,2.95,39.211,-22.756,1.364997,58.704167,1.8260093
0.422,2.46,2.99,39.151,-25.574,1.368,61.081449,1.31935
0.422,2.46,3.03,39.091,-29.5,1.365001,63.43856,0.9379633
0.422,2.46,3.07,39.043,-35.816,1.359001,65.634629,0.51671189
0.422,2.46,3.11,38.986,-47.893,1.349998,68.266279,-0.026002199
0.422,2.46,3.15,38.938,-32.701,1.335003,70.841162,-0.7991294
0.422,2.46,3.19,38.881,-27.247,1.313999,73.681628,-1.6039881
0.422,2.46,3.23,38.821,-23.975,1.286999,76.518645,-2.4149486
0.422,2.46,3.27,38.797,-22.285,1.272,78.537134,-3.0626611
0.422,2.46,3.31,38.728,-19.664,1.224003,82.771659,-4.4003013
0.422,2.47,2.95,39.079,-22.018,1.361999,57.922781,1.7565937
0.422,2.47,2.99,39.019,-24.555,1.368,60.268718,1.2992513
0.422,2.47,3.03,38.959,-27.924,1.365002,62.587183,0.96465413
0.422,2.47,3.07,38.911,-32.784,1.365001,64.748546,0.59240729
0.422,2.47,3.11,38.854,-50.689,1.353,67.340929,0.11346696
0.422,2.47,3.15,38.809,-35.803,1.344002,69.928578,-0.3906721
0.422,2.47,3.19,38.752,-28.796,1.322998,72.734528,-1.111853
0.422,2.47,3.23,38.692,-25.023,1.299,75.538775,-1.8335072
0.422,2.47,3.27,38.668,-23.147,1.281002,77.537334,-2.4149046
0.422,2.47,3.31,38.599,-20.306,1.238998,81.727274,-3.6034461
0.422,2.48,2.95,38.947,-21.353,1.359001,57.164148,1.6266218
0.422,2.48,2.99,38.887,-23.663,1.368,59.477691,1.2146677
0.422,2.48,3.03,38.827,-26.62,1.368,61.759012,0.92256325
0.422,2.48,3.07,38.779,-30.586,1.365001,63.886023,0.59475399
0.422,2.48,3.11,38.722,-40.32,1.358998,66.437586,0.1747335
0.422,2.48,3.15,38.677,-40.556,1.347,68.985789,-0.26547574
0.422,2.48,3.19,38.623,-30.634,1.332,71.794192,-0.71108163
0.422,2.48,3.23,38.563,-26.192,1.308003,74.559403,-1.3488827
0.422,2.48,3.27,38.539,-24.081,1.292999,76.539383,-1.8682554
0.422,2.48,3.31,38.47,-20.985,1.250999,80.679027,-2.9186687
0.422,2.49,2.95,38.815,-20.747,1.356003,56.422203,1.4018993
0.422,2.49,2.99,38.758,-22.869,1.365001,58.72493,1.2118691
0.422,2.49,3.03,38.698,-25.505,1.368,60.970723,0.96271058
0.422,2.49,3.07,38.65,-28.864,1.368,63.065814,0.67911175
0.422,2.49,3.11,38.593,-35.777,1.361999,65.574509,0.31575217
0.422,2.49,3.15,38.548,-51.398,1.353001,68.091698,-0.060973427
0.422,2.49,3.19,38.494,-32.925,1.338001,70.853306,-0.43846409
0.422,2.49,3.23,38.434,-27.514,1.317002,73.580208,-1.000312
0.422,2.49,3.27,38.41,-25.11,1.304996,75.53617,-1.4624786
0.422,2.49,3.31,38.341,-21.708,1.265999,79.620315,-2.3858424
0.422,2.5,2.95,38.686,-20.194,1.349998,55.726405,1.3104746
0.422,2.5,2.99,38.626,-22.158,1.361999,57.976315,0.97857888
0.422,2.5,3.03,38.566,-24.539,1.368,60.184562,0.76489108
0.422,2.5,3.07,38.521,-27.456,1.368,62.266817,0.70776694
0.422,2.5,3.11,38.464,-32.876,1.365002,64.737016,0.39519013
0.422,2.5,3.15,38.419,-48.298,1.359001,67.217652,0.076145886
0.422,2.5,3.19,38.365,-35.959,1.344002,69.933559,-0.23807739
0.422,2.5,3.23,38.305,-29.035,1.326,72.621559,-0.72937238
0.422,2.5,3.27,38.281,-26.253,1.310997,74.548611,-1.1377531
0.422,2.5,3.31,38.215,-22.478,1.278,78.618338,-1.7302523
0.422,2.51,2.95,38.554,-19.685,1.347,55.033711,0.96256916
0.422,2.51,2.99,38.497,-21.514,1.359001,57.266084,0.84312394
0.422,2.51,3.03,38.437,-23.686,1.368001,59.438661,0.66382224
0.422,2.51,3.07,38.392,-26.266,1.368,61.483007,0.64160327
0.422,2.51,3.11,38.335,-30.74,1.368,63.914849,0.37595461
0.422,2.51,3.15,38.29,-39.778,1.362,66.359843,0.10821524
0.422,2.51,3.19,38.236,-40.555,1.349998,69.028724,-0.14702086
0.422,2.51,3.23,38.176,-30.836,1.334999,71.677679,-0.57494701
0.422,2.51,3.27,38.155,-27.539,1.319999,73.605706,-0.72599355
0.422,2.51,3.31,38.086,-23.306,1.287003,77.581202,-1.4197207
0.422,2.52,2.95,38.425,-19.211,1.341,54.376041,0.71894095
0.422,2.52,2.99,38.368,-20.924,1.358998,56.57455,0.63165127
0.422,2.52,3.03,38.311,-22.923,1.365,58.723271,0.66484517
0.422,2.52,3.07,38.263,-25.238,1.368,60.719889,0.49050854
0.422,2.52,3.11,38.206,-29.055,1.371003,63.113757,0.26728829
0.422,2.52,3.15,38.164,-35.625,1.365001,65.539259,0.24324177
0.422,2.52,3.19,38.11,-50.392,1.353001,68.162666,0.04276973
0.422,2.52,3.23,38.05,-33.073,1.341,70.773282,-0.32211517
0.422,2.52,3.27,38.029,-29.017,1.328998,72.670188,-0.42702551
0.422,2.52,3.31,37.96,-24.204,1.299,76.588386,-1.0164844
0.422,2.53,2.95,38.296,-18.773,1.334999,53.744507,0.43627627
0.422,2.53,2.99,38.239,-20.384,1.353001,55.909889,0.37728154
0.422,2.53,3.03,38.182,-22.238,1.362004,58.021747,0.43706241
0.422,2.53,3.07,38.134,-24.341,1.370998,59.987978,0.2917274
0.422,2.53,3.11,38.08,-27.678,1.368,62.352892,0.29655429
0.422,2.53,3.15,38.035,-32.884,1.368,64.728416,0.12593702
0.422,2.53,3.19,37.981,-49.579,1.359002,67.306641,-0.028280246
0.422,2.53,3.23,37.924,-35.999,1.343998,69.892634,-0.13718139
0.422,2.53,3.27,37.903,-30.75,1.334999,71.758343,-0.1988846
0.422,2.53,3.31,37.834,-25.179,1.308003,75.617617,-0.69178478
0.422,2.54,2.95,38.167,-18.364,1.332,53.13614,0.080605012
0.422,2.54,2.99,38.113,-19.886,1.350002,55.271833,0.22233709
0.422,2.54,3.03,38.053,-21.611,1.359001,57.342273,0.12893547
0.422,2.54,3.07,38.008,-23.542,1.368,59.285375,0.19457236
0.422,2.54,3.11,37.954,-26.509,1.370998,61.610706,0.23581283
0.422,2.54,3.15,37.909,-30.841,1.370999,63.952617,0.10795324
0.422,2.54,3.19,37.855,-40.506,1.361999,66.487616,0.001058389
0.422,2.54,3.23,37.798,-40.354,1.349999,69.027387,-0.05639518
0.422,2.54,3.27,37.777,-32.87,1.344001,70.86545,-0.078305931
0.422,2.54,3.31,37.708,-26.253,1.316998,74.665994,-0.48353591
0.444,2.45,2.95,39.397,-22.042,1.292999,56.528033,2.2786525
0.444,2.45,2.99,39.34,-24.651,1.353001,58.86957,1.8512638
0.444,2.45,3.03,39.28,-28.435,1.368,61.291852,1.2428875
0.444,2.45,3.07,39.22,-34.313,1.361999,63.52363,0.58246626
0.444,2.45,3.11,39.169,-60.953,1.353001,66.049721,-0.073540301
0.444,2.45,3.15,39.115,-34.16,1.334999,68.473369,-0.72136268
0.444,2.45,3.19,39.064,-27.801,1.32,71.254536,-1.7209514
0.444,2.45,3.23,39.013,-24.514,1.292999,73.861858,-2.516425
0.444,2.45,3.27,38.944,-21.553,1.257,77.237335,-3.9683661
0.444,2.45,3.31,38.899,-19.852,1.223999,79.906857,-5.018516
0.444,2.46,2.95,39.265,-21.327,1.358997,55.738549,2.2458876
0.444,2.46,2.99,39.208,-23.685,1.365002,58.04427,1.8676319
0.444,2.46,3.03,39.148,-26.965,1.371002,60.433486,1.3165322
0.444,2.46,3.07,39.091,-31.584,1.365001,62.676616,0.8924791
0.444,2.46,3.11,39.037,-43.852,1.356003,65.12438,0.11960235
0.444,2.46,3.15,38.983,-38.234,1.344002,67.510193,-0.46083533
0.444,2.46,3.19,38.935,-29.545,1.326001,70.321787,-1.1795142
0.444,2.46,3.23,38.881,-25.692,1.305,72.83373,-2.0885652
0.444,2.46,3.27,38.815,-22.391,1.272003,76.243659,-3.220112
0.444,2.46,3.31,38.77,-20.542,1.242001,78.895019,-4.170582
0.444,2.47,2.95,39.133,-20.683,1.355999,54.969046,2.1479892
0.444,2.47,2.99,39.076,-22.836,1.365002,57.239084,1.8159963
0.444,2.47,3.03,39.016,-25.734,1.371002,59.593882,1.3169413
0.444,2.47,3.07,38.959,-29.554,1.365002,61.799177,0.94076311
0.444,2.47,3.11,38.908,-37.444,1.362,64.260027,0.41776379
0.444,2.47,3.15,38.854,-45.846,1.349998,66.61006,-0.099154086
0.444,2.47,3.19,38.803,-31.675,1.334999,69.340877,-0.92601808
0.444,2.47,3.23,38.752,-27.023,1.317002,71.874119,-1.5627182
0.444,2.47,3.27,38.686,-23.297,1.284,75.244499,-2.580418
0.444,2.47,3.31,38.641,-21.274,1.257,77.875194,-3.4361111
0.444,2.48,2.95,39.001,-20.096,1.349999,54.222211,1.992414
0.444,2.48,2.99,38.944,-22.08,1.365002,56.456559,1.7025529
0.444,2.48,3.03,38.884,-24.68,1.367996,58.777858,1.2498812
0.444,2.48,3.07,38.827,-27.942,1.368,60.944516,0.91837859
0.444,2.48,3.11,38.776,-33.844,1.365002,63.369056,0.45261807
0.444,2.48,3.15,38.722,-54.067,1.353,65.680685,-0.009127607
0.444,2.48,3.19,38.674,-34.434,1.341,68.423588,-0.56575086
0.444,2.48,3.23,38.623,-28.559,1.322998,70.919174,-1.1296142
0.444,2.48,3.27,38.557,-24.287,1.292999,74.247017,-2.0420041
0.444,2.48,3.31,38.512,-22.057,1.269001,76.851962,-2.8082087
0.444,2.49,2.95,38.869,-19.557,1.344001,53.492378,1.7463906
0.444,2.49,2.99,38.812,-21.397,1.361999,55.690076,1.4942439
0.444,2.49,3.03,38.755,-23.759,1.371002,58.004882,1.26234
0.444,2.49,3.07,38.698,-26.607,1.371002,60.1347,0.97282702
0.444,2.49,3.11,38.647,-31.352,1.365001,62.525497,0.56269039
0.444,2.49,3.15,38.593,-41.104,1.359001,64.80017,0.15458376
0.444,2.49,3.19,38.545,-38.407,1.347,67.506083,-0.32848176
0.444,2.49,3.23,38.494,-30.389,1.328999,69.961853,-0.82686242
0.444,2.49,3.27,38.428,-25.382,1.305001,73.243685,-1.6420316
0.444,2.49,3.31,38.386,-22.902,1.280998,75.867439,-2.1227255
0.444,2.5,2.95,38.74,-19.062,1.341004,52.80996,1.6279702
0.444,2.5,2.99,38.683,-20.778,1.359001,54.973789,1.4134405
0.444,2.5,3.03,38.626,-22.943,1.368,57.253,1.2240791
0.444,2.5,3.07,38.569,-25.475,1.368,59.347057,0.97321112
0.444,2.5,3.11,38.518,-29.457,1.371002,61.703906,0.61519938
0.444,2.5,3.15,38.464,-36.183,1.365002,63.941855,0.25577454
0.444,2.5,3.19,38.416,-45.649,1.353001,66.609946,-0.16020559
0.444,2.5,3.23,38.365,-32.647,1.341004,69.02608,-0.59783744
0.444,2.5,3.27,38.302,-26.606,1.314,72.298458,-1.1222909
0.444,2.5,3.31,38.257,-23.814,1.293004,74.847206,-1.7293747
0.444,2.51,2.95,38.611,-18.603,1.335003,52.143326,1.4325164
0.444,2.51,2.99,38.554,-20.212,1.353,54.27398,1.2515118
0.444,2.51,3.03,38.497,-22.211,1.365,56.51664,1.099688
0.444,2.51,3.07,38.44,-24.493,1.368001,58.575572,0.88432507
0.444,2.51,3.11,38.389,-27.927,1.370998,60.896854,0.57294992
0.444,2.51,3.15,38.338,-33.095,1.368,63.118479,0.44648826
0.444,2.51,3.19,38.29,-55.933,1.362,65.749723,0.095616928
0.444,2.51,3.23,38.239,-35.643,1.343998,68.132329,-0.28324951
0.444,2.51,3.27,38.173,-28,1.323002,71.320887,-0.92363397
0.444,2.51,3.31,38.131,-24.813,1.305,73.871734,-1.2551754
0.444,2.52,2.95,38.482,-18.174,1.326,51.495162,1.168002
0.444,2.52,2.99,38.425,-19.691,1.347,53.593532,1.0173245
0.444,2.52,3.03,38.368,-21.547,1.362,55.797765,0.89878613
0.444,2.52,3.07,38.311,-23.625,1.370998,57.823746,0.7142183
0.444,2.52,3.11,38.263,-26.651,1.374001,60.12772,0.62723672
0.444,2.52,3.15,38.209,-30.87,1.368001,62.289843,0.35726134
0.444,2.52,3.19,38.161,-41.855,1.365001,64.882174,0.061166204
0.444,2.52,3.23,38.113,-40.13,1.353001,67.246542,-0.072819194
0.444,2.52,3.27,38.047,-29.63,1.331997,70.388958,-0.6341838
0.444,2.52,3.31,38.005,-25.921,1.314003,72.901112,-0.89987714
0.444,2.53,2.95,38.353,-17.776,1.319999,50.873169,0.86705889
0.444,2.53,2.99,38.296,-19.21,1.340999,52.940404,0.74353803
0.444,2.53,3.03,38.239,-20.947,1.359001,55.110668,0.65587156
0.444,2.53,3.07,38.185,-22.854,1.368,57.112765,0.67587968
0.444,2.53,3.11,38.134,-25.564,1.370998,59.367916,0.44891974
0.444,2.53,3.15,38.083,-29.136,1.371002,61.50716,0.39988276
0.444,2.53,3.19,38.035,-36.799,1.368,64.064516,0.15853351
0.444,2.53,3.23,37.984,-49.418,1.359001,66.367119,-0.12150104
0.444,2.53,3.27,37.921,-31.582,1.340999,69.480353,-0.41511878
0.444,2.53,3.31,37.879,-27.156,1.322998,71.95556,-0.61956248
0.444,2.54,2.95,38.224,-17.402,1.311,50.273424,0.49637169
0.444,2.54,2.99,38.167,-18.763,1.338002,52.31032,0.39741647
0.444,2.54,3.03,38.113,-20.395,1.355999,54.452931,0.50946158
0.444,2.54,3.07,38.056,-22.16,1.365002,56.412057,0.3786492
0.444,2.54,3.11,38.008,-24.615,1.374001,58.641785,0.36725261
0.444,2.54,3.15,37.957,-27.717,1.371003,60.742755,0.35197824
0.444,2.54,3.19,37.909,-33.676,1.370999,63.265907,0.16142401
0.444,2.54,3.23,37.861,-50.087,1.362,65.542585,0.11929781
0.444,2.54,3.27,37.798,-34.043,1.347,68.60446,-0.10434444
0.444,2.54,3.31,37.753,-28.572,1.332,71.022681,-0.44884381
0.467,2.45,2.95,39.454,-20.665,1.233002,53.686198,2.842227
0.467,2.45,2.99,39.394,-22.852,1.299,55.898497,2.3169824
0.467,2.45,3.03,39.334,-25.807,1.362,58.214748,1.778483
0.467,2.45,3.07,39.268,-30.089,1.365002,60.467063,1.0306884
0.467,2.45,3.11,39.22,-38.953,1.359001,62.856384,0.40649317
0.467,2.45,3.15,39.157,-41.939,1.343998,65.189501,-0.3812538
0.467,2.45,3.19,39.112,-30.811,1.328999,67.845993,-1.2044814
0.467,2.45,3.23,39.052,-26.433,1.307999,70.274536,-2.1327895
0.467,2.45,3.27,39.004,-22.902,1.278,73.451154,-3.4811918
0.467,2.45,3.31,38.962,-21.455,1.253998,75.306962,-4.0642551
0.467,2.46,2.95,39.322,-20.039,1.349999,52.906812,2.7770013
0.467,2.46,2.99,39.262,-22.041,1.361999,55.085016,2.2994977
0.467,2.46,3.03,39.202,-24.674,1.370998,57.367464,1.8132598
0.467,2.46,3.07,39.139,-28.275,1.368,59.632927,1.2954305
0.467,2.46,3.11,39.088,-34.568,1.361999,61.940498,0.55930388
0.467,2.46,3.15,39.028,-65.359,1.350002,64.294052,0.017546066
0.467,2.46,3.19,38.983,-33.481,1.338001,66.920421,-0.71879823
0.467,2.46,3.23,38.923,-27.974,1.316997,69.321953,-1.5694479
0.467,2.46,3.27,38.875,-23.911,1.290001,72.479507,-2.7980404
0.467,2.46,3.31,38.833,-22.315,1.269001,74.306175,-3.3170124
0.467,2.47,2.95,39.19,-19.469,1.347,52.147973,2.6502721
0.467,2.47,2.99,39.13,-21.317,1.359001,54.292316,2.2155754
0.467,2.47,3.03,39.07,-23.693,1.368,56.540524,1.7784577
0.467,2.47,3.07,39.007,-26.807,1.370998,58.768325,1.3091063
0.467,2.47,3.11,38.959,-31.733,1.365002,61.088191,0.81103706
0.467,2.47,3.15,38.896,-43.215,1.355999,63.358431,0.14875692
0.467,2.47,3.19,38.851,-37.255,1.344002,65.947526,-0.51241714
0.467,2.47,3.23,38.794,-29.803,1.326001,68.370623,-1.1028316
0.467,2.47,3.27,38.746,-25.027,1.302001,71.50373,-2.2192853
0.467,2.47,3.31,38.704,-23.247,1.280999,73.300193,-2.6788366
0.467,2.48,2.95,39.058,-18.947,1.341,51.412622,2.4685211
0.467,2.48,2.99,38.998,-20.664,1.355999,53.523625,2.0728857
0.467,2.48,3.03,38.938,-22.831,1.368,55.736657,1.6805945
0.467,2.48,3.07,38.875,-25.578,1.368,57.927494,1.2551003
0.467,2.48,3.11,38.827,-29.639,1.368,60.21032,0.81187563
0.467,2.48,3.15,38.767,-37.039,1.359001,62.486884,0.38401009
0.467,2.48,3.19,38.722,-43.832,1.353,65.043328,-0.20335082
0.467,2.48,3.23,38.665,-32.063,1.332,67.427305,-0.72584075
0.467,2.48,3.27,38.617,-26.276,1.313999,70.532809,-1.7380599
0.467,2.48,3.31,38.575,-24.268,1.293,72.29664,-2.1423397
0.467,2.49,2.95,38.926,-18.464,1.332001,50.694127,2.2005704
0.467,2.49,2.99,38.869,-20.069,1.353001,52.797643,2.0060329
0.467,2.49,3.03,38.809,-22.062,1.365,54.977096,1.6571661
0.467,2.49,3.07,38.746,-24.521,1.368,57.133125,1.2753122
0.467,2.49,3.11,38.698,-27.983,1.371002,59.380665,0.88537188
0.467,2.49,3.15,38.638,-33.508,1.365001,61.6187,0.50744791
0.467,2.49,3.19,38.593,-62.37,1.356003,64.139854,-0.010845205
0.467,2.49,3.23,38.536,-35.065,1.340999,66.483366,-0.47363373
0.467,2.49,3.27,38.491,-27.708,1.322998,69.604021,-1.1964055
0.467,2.49,3.31,38.446,-25.403,1.305,71.285985,-1.7431263
0.467,2.5,2.95,38.797,-18.017,1.323002,50.02454,2.0550159
0.467,2.5,2.99,38.737,-19.525,1.347001,52.07237,1.7296183
0.467,2.5,3.03,38.68,-21.372,1.361999,54.240641,1.5856812
0.467,2.5,3.07,38.617,-23.6,1.368,56.361535,1.2443034
0.467,2.5,3.11,38.569,-26.622,1.370998,58.573044,0.9028211
0.467,2.5,3.15,38.509,-31.057,1.365,60.773863,0.57050974
0.467,2.5,3.19,38.464,-42.23,1.362004,63.257444,0.11543205
0.467,2.5,3.23,38.407,-39.545,1.347,65.561572,-0.29186691
0.467,2.5,3.27,38.362,-29.378,1.328999,68.643074,-0.92402171
0.467,2.5,3.31,38.32,-26.676,1.313999,70.339028,-1.2313485
0.467,2.51,2.95,38.665,-17.6,1.317001,49.354648,1.6756269
0.467,2.51,2.99,38.608,-19.024,1.341004,51.388577,1.5430729
0.467,2.51,3.03,38.551,-20.745,1.359001,53.520502,1.4339374
0.467,2.51,3.07,38.488,-22.783,1.365002,55.60601,1.1275824
0.467,2.51,3.11,38.44,-25.466,1.371003,57.781173,0.8295143
0.467,2.51,3.15,38.383,-29.18,1.368,59.970614,0.71863478
0.467,2.51,3.19,38.338,-36.727,1.365,62.419358,0.32415614
0.467,2.51,3.23,38.281,-48.942,1.355999,64.685047,-0.028506914
0.467,2.51,3.27,38.236,-31.405,1.338002,67.727914,-0.57261094
0.467,2.51,3.31,38.194,-28.137,1.322998,69.391311,-0.83810512
0.467,2.52,2.95,38.536,-17.21,1.307999,48.723069,1.3925891
0.467,2.52,2.99,38.479,-18.558,1.338001,50.723794,1.2876121
0.467,2.52,3.03,38.422,-20.171,1.353,52.819224,1.2095804
0.467,2.52,3.07,38.362,-22.049,1.361999,54.887747,1.1050834
0.467,2.52,3.11,38.314,-24.461,1.370998,57.025907,0.85000383
0.467,2.52,3.15,38.254,-27.665,1.371002,59.157056,0.59966241
0.467,2.52,3.19,38.209,-33.427,1.368,61.568055,0.25777163
0.467,2.52,3.23,38.155,-49.488,1.358997,63.81804,0.13582309
0.467,2.52,3.27,38.11,-33.998,1.347,66.8197,-0.32747004
0.467,2.52,3.31,38.068,-29.859,1.332001,68.450414,-0.5549763
0.467,2.53,2.95,38.407,-16.846,1.299,48.117004,1.0753168
0.467,2.53,2.99,38.35,-18.126,1.328999,50.085499,0.99489199
0.467,2.53,3.03,38.293,-19.645,1.349999,52.145532,0.94447084
0.467,2.53,3.07,38.233,-21.386,1.361999,54.174413,0.86690985
0.467,2.53,3.11,38.188,-23.585,1.371003,56.296286,0.82111459
0.467,2.53,3.15,38.128,-26.404,1.374,58.391993,0.60785284
0.467,2.53,3.19,38.083,-31.096,1.370998,60.767255,0.31799416
0.467,2.53,3.23,38.026,-39.997,1.365002,62.954356,0.053125529
0.467,2.53,3.27,37.984,-37.593,1.356003,65.9357,-0.15035666
0.467,2.53,3.31,37.942,-31.959,1.337997,67.530256,-0.3420179
0.467,2.54,2.95,38.281,-16.503,1.292999,47.538824,0.84944955
0.467,2.54,2.99,38.224,-17.723,1.323002,49.476984,0.79454095
0.467,2.54,3.03,38.167,-19.158,1.343998,51.504121,0.77174596
0.467,2.54,3.07,38.107,-20.784,1.359001,53.49844,0.72164935
0.467,2.54,3.11,38.059,-22.804,1.371002,55.572732,0.53808509
0.467,2.54,3.15,38.002,-25.323,1.373997,57.644839,0.52999143
0.467,2.54,3.19,37.957,-29.292,1.374001,59.984586,0.28668543
0.467,2.54,3.23,37.903,-35.63,1.368,62.149925,0.24680743
0.467,2.54,3.27,37.858,-43.652,1.359001,65.070981,-0.073338247
0.467,2.54,3.31,37.816,-34.659,1.347,66.63123,-0.2347995
0.489,2.45,2.95,39.511,-19.508,1.173,51.066983,3.3762915
0.489,2.45,2.99,39.448,-21.402,1.242001,53.160051,2.7654747
0.489,2.45,3.03,39.388,-23.865,1.305,55.381124,2.1934781
0.489,2.45,3.07,39.328,-27.351,1.368,57.712323,1.6233676
0.489,2.45,3.11,39.265,-32.579,1.361999,59.855768,0.82668547
0.489,2.45,3.15,39.214,-49.889,1.353001,62.246866,0.16339877
0.489,2.45,3.19,39.154,-35.483,1.337997,64.599567,-0.77841183
0.489,2.45,3.23,39.106,-27.857,1.317002,67.54796,-1.8263112
0.489,2.45,3.27,39.049,-24.752,1.296002,69.734188,-2.799658
0.489,2.45,3.31,38.977,-21.391,1.250999,73.365474,-4.3010413
0.489,2.46,2.95,39.379,-18.947,1.301998,50.297475,3.282827
0.489,2.46,2.99,39.316,-20.698,1.355999,52.359844,2.7167595
0.489,2.46,3.03,39.256,-22.928,1.368,54.546324,2.1945197
0.489,2.46,3.07,39.196,-25.964,1.370998,56.84023,1.6818188
0.489,2.46,3.11,39.136,-30.156,1.365,59.002125,1.1115668
0.489,2.46,3.15,39.082,-39.262,1.359001,61.307622,0.34468738
0.489,2.46,3.19,39.025,-40.922,1.347,63.686916,-0.3498508
0.489,2.46,3.23,38.977,-29.752,1.329003,66.607282,-1.2942636
0.489,2.46,3.27,38.92,-26.056,1.305,68.769867,-2.192552
0.489,2.46,3.31,38.848,-22.275,1.269001,72.36512,-3.5546368
0.489,2.47,2.95,39.244,-18.433,1.334999,49.517182,2.9727647
0.489,2.47,2.99,39.184,-20.062,1.353001,51.580456,2.6051035
0.489,2.47,3.03,39.127,-22.1,1.365002,53.770543,2.2936838
0.489,2.47,3.07,39.064,-24.793,1.368,55.988456,1.6679632
0.489,2.47,3.11,39.004,-28.301,1.368,58.1139,1.1475919
0.489,2.47,3.15,38.953,-34.707,1.365002,60.434602,0.61762694
0.489,2.47,3.19,38.896,-57.152,1.353,62.780254,-0.0086704
0.489,2.47,3.23,38.848,-32.116,1.338001,65.668731,-0.8559491
0.489,2.47,3.27,38.791,-27.554,1.316997,67.804774,-1.6841478
0.489,2.47,3.31,38.719,-23.237,1.280998,71.359648,-2.9176512
0.489,2.48,2.95,39.115,-17.958,1.322998,48.824645,2.9249097
0.489,2.48,2.99,39.055,-19.483,1.347001,50.855617,2.5973881
0.489,2.48,3.03,38.995,-21.362,1.362,52.975976,2.1679591
0.489,2.48,3.07,38.935,-23.786,1.371003,55.197958,1.7557049
0.489,2.48,3.11,38.875,-26.807,1.370998,57.289158,1.2855347
0.489,2.48,3.15,38.824,-31.792,1.368,59.575648,0.81442083
0.489,2.48,3.19,38.767,-44.237,1.355999,61.884946,0.25231317
0.489,2.48,3.23,38.719,-35.288,1.344002,64.738267,-0.50502775
0.489,2.48,3.27,38.662,-29.323,1.326,66.845291,-1.2682376
0.489,2.48,3.31,38.59,-24.294,1.293003,70.355928,-2.3825376
0.489,2.49,2.95,38.983,-17.518,1.314,48.117192,2.637677
0.489,2.49,2.99,38.923,-18.951,1.338001,50.113195,2.3426182
0.489,2.49,3.03,38.866,-20.694,1.359001,52.227181,2.1139139
0.489,2.49,3.07,38.806,-22.9,1.368,54.415405,1.7476632
0.489,2.49,3.11,38.746,-25.555,1.371002,56.470276,1.3214737
0.489,2.49,3.15,38.695,-29.652,1.368,58.72219,0.90540101
0.489,2.49,3.19,38.638,-37.424,1.361999,60.992466,0.39965177
0.489,2.49,3.23,38.59,-40.222,1.353001,63.807966,-0.27435511
0.489,2.49,3.27,38.536,-31.501,1.334999,65.931265,-0.79550683
0.489,2.49,3.31,38.464,-25.475,1.305,69.398102,-1.7945604
0.489,2.5,2.95,38.851,-17.109,1.304996,47.438893,2.3132939
0.489,2.5,2.99,38.794,-18.461,1.334999,49.424005,2.20576
0.489,2.5,3.03,38.734,-20.089,1.355999,51.476557,1.8517704
0.489,2.5,3.07,38.677,-22.114,1.368,53.655086,1.690245
0.489,2.5,3.11,38.617,-24.485,1.370999,55.675099,1.3039133
0.489,2.5,3.15,38.566,-27.97,1.371002,57.890207,0.93888309
0.489,2.5,3.19,38.509,-33.718,1.365,60.123735,0.48467126
0.489,2.5,3.23,38.461,-52.051,1.359001,62.899327,-0.11211402
0.489,2.5,3.27,38.407,-34.331,1.340999,64.985991,-0.58066815
0.489,2.5,3.31,38.335,-26.807,1.314003,68.400294,-1.4781902
0.489,2.51,2.95,38.722,-16.726,1.296001,46.800919,2.0747205
0.489,2.51,2.99,38.665,-18.007,1.328998,48.751086,1.9957478
0.489,2.51,3.03,38.605,-19.534,1.349999,50.771658,1.6753948
0.489,2.51,3.07,38.548,-21.407,1.361999,52.910846,1.5511016
0.489,2.51,3.11,38.488,-23.55,1.368,54.89644,1.2003595
0.489,2.51,3.15,38.437,-26.587,1.370999,57.074744,0.88046806
0.489,2.51,3.19,38.383,-31.17,1.368,59.300456,0.64993568
0.489,2.51,3.23,38.335,-46.616,1.362004,62.038627,0.12639163
0.489,2.51,3.27,38.281,-38.457,1.347,64.090668,-0.2894783
0.489,2.51,3.31,38.209,-28.349,1.326,67.455253,-1.0908071
0.489,2.52,2.95,38.593,-16.366,1.286999,46.181762,1.7744473
0.489,2.52,2.99,38.536,-17.584,1.316997,48.096895,1.7205201
0.489,2.52,3.03,38.479,-19.023,1.344002,50.103873,1.5901472
0.489,2.52,3.07,38.419,-20.767,1.359001,52.18742,1.3380779
0.489,2.52,3.11,38.362,-22.722,1.368,54.159096,1.1872745
0.489,2.52,3.15,38.311,-25.417,1.370998,56.303713,0.91180449
0.489,2.52,3.19,38.254,-29.236,1.371002,58.462428,0.55095366
0.489,2.52,3.23,38.209,-38.664,1.368001,61.188456,0.27067475
0.489,2.52,3.27,38.155,-46.349,1.355999,63.202908,-0.098702195
0.489,2.52,3.31,38.086,-30.185,1.332001,66.551632,-0.62363091
0.489,2.53,2.95,38.464,-16.029,1.275002,45.587529,1.4420657
0.489,2.53,2.99,38.407,-17.19,1.310997,47.469497,1.4103002
0.489,2.53,3.03,38.35,-18.551,1.337997,49.442669,1.3064469
0.489,2.53,3.07,38.29,-20.183,1.355999,51.49297,1.0845241
0.489,2.53,3.11,38.233,-21.983,1.365,53.426613,0.96121907
0.489,2.53,3.15,38.185,-24.408,1.374001,55.554249,0.89326039
0.489,2.53,3.19,38.128,-27.691,1.371002,57.677672,0.5736396
0.489,2.53,3.23,38.083,-34.66,1.374,60.360773,0.3562445
0.489,2.53,3.27,38.029,-53.378,1.359001,62.338924,0.027625245
0.489,2.53,3.31,37.96,-32.463,1.343998,65.627694,-0.41531946
0.489,2.54,2.95,38.338,-15.709,1.263001,45.019583,1.1974599
0.489,2.54,2.99,38.278,-16.82,1.301998,46.864005,1.0347316
0.489,2.54,3.03,38.224,-18.112,1.331997,48.814708,1.1120987
0.489,2.54,3.07,38.164,-19.647,1.353001,50.833601,0.92092562
0.489,2.54,3.11,38.107,-21.315,1.365,52.731981,0.82405611
0.489,2.54,3.15,38.059,-23.521,1.374,54.822216,0.79155625
0.489,2.54,3.19,38.002,-26.403,1.374,56.910739,0.50969472
0.489,2.54,3.23,37.957,-31.977,1.374001,59.549795,0.34879811
0.489,2.54,3.27,37.903,-40.949,1.365002,61.494205,0.056913245
0.489,2.54,3.31,37.834,-35.469,1.347,64.72485,-0.31192682
0.511,2.45,2.95,39.568,-18.51,1.110001,48.642636,3.8789142
0.511,2.45,2.99,39.505,-20.188,1.181999,50.669797,3.3509288
0.511,2.45,3.03,39.442,-22.302,1.248001,52.773881,2.697703
0.511,2.45,3.07,39.382,-25.153,1.313999,55.018285,2.0901211
0.511,2.45,3.11,39.313,-29.305,1.365002,57.250049,1.3336696
0.511,2.45,3.15,39.262,-36.968,1.359001,59.475548,0.59468158
0.511,2.45,3.19,39.199,-43.941,1.347001,61.822535,-0.2177318
0.511,2.45,3.23,39.151,-31.242,1.328998,64.28087,-1.2299413
0.511,2.45,3.27,39.088,-26.512,1.305001,66.646485,-2.3136513
0.511,2.45,3.31,39.043,-22.996,1.274998,69.62088,-3.5560075
0.511,2.46,2.95,39.433,-18,1.236,47.846621,3.6079534
0.511,2.46,2.99,39.373,-19.561,1.311001,49.876391,3.2734027
0.511,2.46,3.03,39.31,-21.495,1.361999,51.947764,2.6685332
0.511,2.46,3.07,39.25,-24.033,1.368,54.155057,2.1150147
0.511,2.46,3.11,39.184,-27.534,1.368,56.403108,1.5800518
0.511,2.46,3.15,39.133,-33.126,1.361999,58.598372,0.90804202
0.511,2.46,3.19,39.067,-54.95,1.350003,60.854754,-0.004372995
0.511,2.46,3.23,39.022,-34.303,1.338001,63.346326,-0.75908655
0.511,2.46,3.27,38.959,-28.186,1.313999,65.68734,-1.7608189
0.511,2.46,3.31,38.914,-24.093,1.290001,68.638943,-2.8852214
0.511,2.47,2.95,39.301,-17.528,1.317002,47.112412,3.4326656
0.511,2.47,2.99,39.241,-18.989,1.341,49.105025,3.1355389
0.511,2.47,3.03,39.181,-20.774,1.358997,51.181619,2.7324008
0.511,2.47,3.07,39.121,-23.064,1.368,53.355922,2.2311905
0.511,2.47,3.11,39.052,-26.099,1.368,55.522688,1.5869645
0.511,2.47,3.15,39.001,-30.53,1.368,57.681453,0.9740909
0.511,2.47,3.19,38.938,-40.434,1.355999,59.959754,0.2945058
0.511,2.47,3.23,38.893,-38.926,1.344001,62.416971,-0.38059659
0.511,2.47,3.27,38.83,-30.208,1.326,64.730586,-1.3049879
0.511,2.47,3.31,38.785,-25.319,1.301998,67.653382,-2.3189069
0.511,2.48,2.95,39.169,-17.09,1.308002,46.399412,3.2077502
0.511,2.48,2.99,39.109,-18.466,1.332001,48.357994,2.9439819
0.511,2.48,3.03,39.049,-20.124,1.353,50.397948,2.5796725
0.511,2.48,3.07,38.989,-22.213,1.368,52.536248,2.123928
0.511,2.48,3.11,38.923,-24.89,1.370999,54.704737,1.6916793
0.511,2.48,3.15,38.872,-28.575,1.368,56.833108,1.1342177
0.511,2.48,3.19,38.809,-35.298,1.362,59.074015,0.51686389
0.511,2.48,3.23,38.764,-49.06,1.353,61.495902,-0.084410873
0.511,2.48,3.27,38.704,-32.78,1.332001,63.837264,-0.76158307
0.511,2.48,3.31,38.656,-26.712,1.313999,66.672364,-1.8503143
0.511,2.49,2.95,39.04,-16.683,1.296002,45.731303,3.0532625
0.511,2.49,2.99,38.98,-17.982,1.326,47.656063,2.8227958
0.511,2.49,3.03,38.92,-19.531,1.347,49.66185,2.4962792
0.511,2.49,3.07,38.86,-21.453,1.365001,51.7661,2.0857343
0.511,2.49,3.11,38.794,-23.852,1.371002,53.896676,1.6978233
0.511,2.49,3.15,38.743,-27.008,1.370998,55.990997,1.1917349
0.511,2.49,3.19,38.683,-32.148,1.365,58.237101,0.7995578
0.511,2.49,3.23,38.635,-47.686,1.359001,60.579536,0.09645105
0.511,2.49,3.27,38.575,-36.371,1.341,62.882148,-0.51665963
0.511,2.49,3.31,38.53,-28.338,1.322998,65.741471,-1.3304873
0.511,2.5,2.95,38.908,-16.304,1.286999,45.063927,2.7133541
0.511,2.5,2.99,38.848,-17.535,1.317002,46.95321,2.5099207
0.511,2.5,3.03,38.788,-18.989,1.340999,48.923464,2.2147085
0.511,2.5,3.07,38.731,-20.767,1.359002,51.016162,2.0008461
0.511,2.5,3.11,38.665,-22.946,1.365002,53.113002,1.6530023
0.511,2.5,3.15,38.614,-25.711,1.371002,55.173678,1.1941028
0.511,2.5,3.19,38.554,-29.895,1.368,57.378081,0.85123649
0.511,2.5,3.23,38.509,-38.721,1.361999,59.726488,0.38448437
0.511,2.5,3.27,38.449,-42.373,1.349999,61.993642,-0.16595635
0.511,2.5,3.31,38.404,-30.287,1.331997,64.818928,-0.88837155
0.511,2.51,2.95,38.779,-15.949,1.275001,44.437741,2.4564053
0.511,2.51,2.99,38.719,-17.119,1.307998,46.294278,2.2798101
0.511,2.51,3.03,38.662,-18.49,1.334999,48.254055,2.1701554
0.511,2.51,3.07,38.602,-20.145,1.355999,50.285565,1.8374783
0.511,2.51,3.11,38.536,-22.142,1.365001,52.346131,1.5257882
0.511,2.51,3.15,38.488,-24.6,1.370998,54.398614,1.2760117
0.511,2.51,3.19,38.425,-28.136,1.368,56.535307,0.81081071
0.511,2.51,3.23,38.38,-34.479,1.368,58.843917,0.40080547
0.511,2.51,3.27,38.323,-62.893,1.355999,61.108228,0.079756162
0.511,2.51,3.31,38.278,-32.749,1.343998,63.896413,-0.557952
0.511,2.52,2.95,38.65,-15.614,1.262996,43.830039,2.1408892
0.511,2.52,2.99,38.59,-16.729,1.298999,45.654339,1.9877329
0.511,2.52,3.03,38.533,-18.027,1.328998,47.57804,1.9050233
0.511,2.52,3.07,38.476,-19.577,1.349999,49.596043,1.7608231
0.511,2.52,3.11,38.41,-21.419,1.365002,51.621804,1.4856371
0.511,2.52,3.15,38.362,-23.635,1.368,53.637911,1.2771641
0.511,2.52,3.19,38.299,-26.7,1.370998,55.73972,0.85542117
0.511,2.52,3.23,38.254,-31.686,1.371002,58.011573,0.50067639
0.511,2.52,3.27,38.197,-42.884,1.361999,60.232566,0.22952647
0.511,2.52,3.31,38.152,-36.121,1.349999,62.981845,-0.33009743
0.511,2.53,2.95,38.521,-15.299,1.248001,43.247543,1.7950189
0.511,2.53,2.99,38.464,-16.365,1.286999,45.054407,1.8116746
0.511,2.53,3.03,38.404,-17.597,1.319999,46.929608,1.6042563
0.511,2.53,3.07,38.347,-19.056,1.347,48.911468,1.4875659
0.511,2.53,3.11,38.281,-20.767,1.361999,50.901463,1.2408779
0.511,2.53,3.15,38.233,-22.787,1.368,52.878682,1.0668802
0.511,2.53,3.19,38.173,-25.496,1.370999,54.968042,0.84782277
0.511,2.53,3.23,38.128,-29.618,1.371002,57.202104,0.54405115
0.511,2.53,3.27,38.071,-36.905,1.365002,59.381627,0.31804852
0.511,2.53,3.31,38.026,-41.523,1.356002,62.090797,-0.16936305
0.511,2.54,2.95,38.395,-15.001,1.236,42.694913,1.5341454
0.511,2.54,2.99,38.335,-16.022,1.278,44.459053,1.4238116
0.511,2.54,3.03,38.278,-17.196,1.311,46.315582,1.3893324
0.511,2.54,3.07,38.221,-18.574,1.341,48.263888,1.3007167
0.511,2.54,3.11,38.155,-20.172,1.356002,50.220571,1.0826534
0.511,2.54,3.15,38.107,-22.029,1.368,52.1619,0.94203147
0.511,2.54,3.19,38.047,-24.459,1.370998,54.214396,0.7571936
0.511,2.54,3.23,38.005,-27.98,1.374,56.43128,0.6682419
0.511,2.54,3.27,37.945,-33.45,1.370998,58.548797,0.3141305
0.511,2.54,3.31,37.9,-56.565,1.362,61.217475,-0.10771184
0.533,2.45,2.95,39.622,-17.632,1.043999,46.350204,4.2053957
0.533,2.45,2.99,39.559,-19.145,1.122002,48.31765,3.7533243
0.533,2.45,3.03,39.496,-21.002,1.191002,50.358623,3.1895228
0.533,2.45,3.07,39.433,-23.411,1.259998,52.47827,2.4886206
0.533,2.45,3.11,39.37,-26.789,1.323002,54.702105,1.7562981
0.533,2.45,3.15,39.307,-31.96,1.361999,56.880221,1.0367033
0.533,2.45,3.19,39.256,-50.414,1.353001,59.326899,0.18981089
0.533,2.45,3.23,39.193,-35.783,1.334999,61.437757,-0.74655596
0.533,2.45,3.27,39.142,-27.884,1.317001,64.208099,-1.9727209
0.533,2.45,3.31,39.085,-24.618,1.289998,66.376855,-2.949083
0.533,2.46,2.95,39.49,-17.161,1.173,45.604357,4.062685
0.533,2.46,2.99,39.427,-18.576,1.248001,47.536158,3.6502906
0.533,2.46,3.03,39.364,-20.29,1.32,49.541597,3.1315691
0.533,2.46,3.07,39.304,-22.467,1.365002,51.673834,2.636955
0.533,2.46,3.11,39.241,-25.406,1.371002,53.866351,1.9660518
0.533,2.46,3.15,39.178,-29.556,1.364997,56.011734,1.3082723
0.533,2.46,3.19,39.124,-39.032,1.359001,58.367464,0.3778998
0.533,2.46,3.23,39.064,-42.032,1.344002,60.510621,-0.3263761
0.533,2.46,3.27,39.013,-29.941,1.326,63.252404,-1.4464975
0.533,2.46,3.31,38.956,-25.995,1.302002,65.399639,-2.3431186
0.533,2.47,2.95,39.358,-16.725,1.299,44.880187,3.8659748
0.533,2.47,2.99,39.295,-18.055,1.328999,46.776472,3.4889212
0.533,2.47,3.03,39.235,-19.647,1.347,48.785667,3.1628424
0.533,2.47,3.07,39.172,-21.635,1.362004,50.840846,2.5634548
0.533,2.47,3.11,39.112,-24.241,1.370999,53.043941,2.1032451
0.533,2.47,3.15,39.049,-27.714,1.368,55.154166,1.5029686
0.533,2.47,3.19,38.995,-34.346,1.362,57.480698,0.64640211
0.533,2.47,3.23,38.935,-72.595,1.353001,59.590334,0.00575754
0.533,2.47,3.27,38.884,-32.554,1.334999,62.304861,-1.0168008
0.533,2.47,3.31,38.827,-27.594,1.313999,64.421938,-1.837151
0.533,2.48,2.95,39.229,-16.319,1.286999,44.209252,3.765851
0.533,2.48,2.99,39.166,-17.575,1.319999,46.073671,3.4243198
0.533,2.48,3.03,39.103,-19.061,1.343998,48.009655,2.9879775
0.533,2.48,3.07,39.043,-20.894,1.359001,50.071755,2.5848434
0.533,2.48,3.11,38.98,-23.238,1.368,52.197273,2.0190596
0.533,2.48,3.15,38.917,-26.228,1.368,54.267877,1.4671989
0.533,2.48,3.19,38.866,-31.378,1.368,56.608665,0.83871399
0.533,2.48,3.23,38.806,-41.727,1.355999,58.682868,0.25758082
0.533,2.48,3.27,38.758,-36.201,1.343998,61.422787,-0.5040581
0.533,2.48,3.31,38.701,-29.505,1.323002,63.511497,-1.2526062
0.533,2.49,2.95,39.097,-15.94,1.275001,43.523066,3.4458855
0.533,2.49,2.99,39.034,-17.129,1.311001,45.353002,3.1326246
0.533,2.49,3.03,38.974,-18.524,1.335,47.284858,2.8788799
0.533,2.49,3.07,38.914,-20.224,1.353001,49.311461,2.5175667
0.533,2.49,3.11,38.851,-22.355,1.368,51.403063,1.9988767
0.533,2.49,3.15,38.791,-24.984,1.370999,53.477134,1.6533543
0.533,2.49,3.19,38.74,-29.21,1.371002,55.785127,1.0901949
0.533,2.49,3.23,38.68,-35.915,1.361999,57.824902,0.56508287
0.533,2.49,3.27,38.629,-42.463,1.349998,60.477369,-0.27964687
0.533,2.49,3.31,38.572,-31.908,1.332001,62.53119,-0.96533579
0.533,2.5,2.95,38.968,-15.585,1.26,42.888598,3.2348178
0.533,2.5,2.99,38.905,-16.716,1.299,44.687414,2.9503256
0.533,2.5,3.03,38.845,-18.031,1.329003,46.584029,2.7287761
0.533,2.5,3.07,38.785,-19.614,1.349998,48.57252,2.4059516
0.533,2.5,3.11,38.725,-21.571,1.365,50.665312,2.0851286
0.533,2.5,3.15,38.662,-23.92,1.371002,52.667385,1.6259715
0.533,2.5,3.19,38.611,-27.511,1.370998,54.937529,1.1202852
0.533,2.5,3.23,38.551,-32.532,1.365,56.939989,0.64278404
0.533,2.5,3.27,38.503,-68.025,1.359001,59.601748,0.044702099
0.533,2.5,3.31,38.446,-35.147,1.341,61.62343,-0.58079675
0.533,2.51,2.95,38.836,-15.252,1.247998,42.251203,2.8191208
0.533,2.51,2.99,38.776,-16.33,1.286999,44.038323,2.7012021
0.533,2.51,3.03,38.716,-17.574,1.32,45.900144,2.5082907
0.533,2.51,3.07,38.656,-19.058,1.344002,47.853477,2.2194
0.533,2.51,3.11,38.596,-20.868,1.359001,49.909465,1.9356979
0.533,2.51,3.15,38.533,-22.99,1.368,51.874554,1.5150045
0.533,2.51,3.19,38.485,-26.117,1.374001,54.139535,1.2232255
0.533,2.51,3.23,38.425,-30.146,1.370998,56.107318,0.79216287
0.533,2.51,3.27,38.377,-42.116,1.362003,58.729537,0.26881357
0.533,2.51,3.31,38.32,-40.222,1.347,60.718357,-0.3022669
0.533,2.52,2.95,38.707,-14.937,1.230003,41.655037,2.4897705
0.533,2.52,2.99,38.647,-15.967,1.275001,43.408818,2.3932888
0.533,2.52,3.03,38.587,-17.149,1.311001,45.236251,2.2255378
0.533,2.52,3.07,38.527,-18.545,1.338001,47.154558,1.9665634
0.533,2.52,3.11,38.467,-20.23,1.356003,49.174175,1.716733
0.533,2.52,3.15,38.407,-22.166,1.368,51.128801,1.4873571
0.533,2.52,3.19,38.359,-24.938,1.374,53.353876,1.2447865
0.533,2.52,3.23,38.299,-28.308,1.370998,55.28612,0.85520833
0.533,2.52,3.27,38.251,-36.316,1.368,57.86694,0.39965896
0.533,2.52,3.31,38.194,-53.051,1.355999,59.821909,-0.12104076
0.533,2.53,2.95,38.581,-14.641,1.215,41.09706,2.2715038
0.533,2.53,2.99,38.518,-15.626,1.262996,42.802502,2.0548559
0.533,2.53,3.03,38.461,-16.753,1.298999,44.616224,2.0554281
0.533,2.53,3.07,38.401,-18.072,1.331997,46.502227,1.8264631
0.533,2.53,3.11,38.341,-19.649,1.353001,48.488398,1.6111573
0.533,2.53,3.15,38.281,-21.431,1.365,50.406018,1.4140838
0.533,2.53,3.19,38.233,-23.923,1.374001,52.591484,1.2169088
0.533,2.53,3.23,38.173,-26.825,1.370999,54.488967,0.86458148
0.533,2.53,3.27,38.125,-32.936,1.370998,57.029187,0.47123716
0.533,2.53,3.31,38.071,-45.542,1.362004,58.981745,0.1677561
0.533,2.54,2.95,38.452,-14.361,1.196998,40.542845,1.856605
0.533,2.54,2.99,38.392,-15.306,1.248001,42.232199,1.7985616
0.533,2.54,3.03,38.332,-16.381,1.289998,43.998606,1.6756279
0.533,2.54,3.07,38.275,-17.632,1.322998,45.866713,1.6184007
0.533,2.54,3.11,38.215,-19.114,1.347,47.819113,1.4336414
0.533,2.54,3.15,38.155,-20.766,1.359001,49.700641,1.2651379
0.533,2.54,3.19,38.107,-23.032,1.374,51.845986,1.108737
0.533,2.54,3.23,38.047,-25.582,1.373996,53.710048,0.78960567
0.533,2.54,3.27,37.999,-30.549,1.373997,56.208737,0.4537581
0.533,2.54,3.31,37.945,-38.037,1.365002,58.121875,0.18921979
0.556,2.45,2.95,39.682,-16.853,0.978001,44.259228,4.7843103
0.556,2.45,2.99,39.616,-18.236,1.058998,46.135898,4.2699307
0.556,2.45,3.03,39.55,-19.9,1.133999,48.072452,3.6391442
0.556,2.45,3.07,39.487,-21.999,1.202999,50.131481,3.0165655
0.556,2.45,3.11,39.424,-24.826,1.269001,52.271931,2.2616083
0.556,2.45,3.15,39.361,-29.095,1.332001,54.517605,1.4671723
0.556,2.45,3.19,39.301,-36.587,1.359001,56.625723,0.66687699
0.556,2.45,3.23,39.244,-43.007,1.344001,58.956283,-0.33240738
0.556,2.45,3.27,39.184,-31.022,1.326,61.224558,-1.4508617
0.556,2.45,3.31,39.121,-26.147,1.298999,63.630219,-2.5558595
0.556,2.46,2.95,39.55,-16.414,1.104,43.520011,4.6197269
0.556,2.46,2.99,39.484,-17.713,1.185001,45.362387,4.1427702
0.556,2.46,3.03,39.421,-19.258,1.259998,47.308352,3.7010518
0.556,2.46,3.07,39.358,-21.175,1.332001,49.334574,3.1303109
0.556,2.46,3.11,39.295,-23.684,1.368,51.443292,2.4347191
0.556,2.46,3.15,39.232,-27.269,1.368,53.657543,1.7062594
0.556,2.46,3.19,39.172,-32.694,1.362004,55.733712,0.97187174
0.556,2.46,3.23,39.115,-56.829,1.349998,58.037757,0.051194645
0.556,2.46,3.27,39.058,-34.228,1.334999,60.349329,-0.82142375
0.556,2.46,3.31,38.992,-27.862,1.311,62.658457,-1.9986227
0.556,2.47,2.95,39.418,-16.007,1.23,42.802858,4.4033637
0.556,2.47,2.99,39.352,-17.23,1.311001,44.608768,3.9609061
0.556,2.47,3.03,39.289,-18.675,1.338001,46.519847,3.556929
0.556,2.47,3.07,39.226,-20.44,1.355999,48.51002,3.0308222
0.556,2.47,3.11,39.166,-22.697,1.365001,50.62863,2.5378788
0.556,2.47,3.15,39.103,-25.796,1.370999,52.8109,1.8702482
0.556,2.47,3.19,39.043,-30.062,1.365002,54.849159,1.1974663
0.556,2.47,3.23,38.986,-40.221,1.355999,57.128866,0.35014371
0.556,2.47,3.27,38.929,-39.208,1.341,59.405258,-0.44594779
0.556,2.47,3.31,38.866,-29.947,1.322998,61.757164,-1.3743703
0.556,2.48,2.95,39.286,-15.626,1.263001,42.110063,4.1417088
0.556,2.48,2.99,39.22,-16.784,1.299,43.883088,3.7296722
0.556,2.48,3.03,39.157,-18.141,1.328998,45.757665,3.360433
0.556,2.48,3.07,39.097,-19.778,1.350002,47.74972,3.0225348
0.556,2.48,3.11,39.034,-21.833,1.365,49.790732,2.428094
0.556,2.48,3.15,38.974,-24.565,1.370998,51.980756,1.96831
0.556,2.48,3.19,38.914,-28.094,1.368,53.983573,1.3492434
0.556,2.48,3.23,38.857,-34.953,1.361999,56.232773,0.57170554
0.556,2.48,3.27,38.8,-51.315,1.349999,58.47361,-0.15440535
0.556,2.48,3.31,38.737,-32.622,1.332001,60.790893,-1.005459
0.556,2.49,2.95,39.154,-15.27,1.248001,41.435082,3.8084845
0.556,2.49,2.99,39.091,-16.37,1.287002,43.203914,3.5636244
0.556,2.49,3.03,39.028,-17.648,1.32,45.044505,3.2281498
0.556,2.49,3.07,38.968,-19.173,1.344002,46.99682,2.9295083
0.556,2.49,3.11,38.908,-21.061,1.359001,49.044267,2.5308661
0.556,2.49,3.15,38.845,-23.506,1.371002,51.157726,1.9705529
0.556,2.49,3.19,38.785,-26.52,1.368,53.125087,1.4003462
0.556,2.49,3.23,38.731,-31.76,1.365002,55.38832,0.84511237
0.556,2.49,3.27,38.674,-45.278,1.355999,57.594639,0.18792628
0.556,2.49,3.31,38.611,-36.419,1.341,59.879265,-0.5906024
0.556,2.5,2.95,39.025,-14.936,1.232998,40.812253,3.5799547
0.556,2.5,2.99,38.962,-15.984,1.278,42.548199,3.3615221
0.556,2.5,3.03,38.899,-17.194,1.311001,44.356025,3.0564455
0.556,2.5,3.07,38.839,-18.623,1.338002,46.271691,2.7931566
0.556,2.5,3.11,38.779,-20.369,1.359001,48.281567,2.4353625
0.556,2.5,3.15,38.716,-22.585,1.368,50.360895,1.9213656
0.556,2.5,3.19,38.659,-25.218,1.370999,52.331083,1.5524129
0.556,2.5,3.23,38.605,-29.475,1.370999,54.559764,1.0579277
0.556,2.5,3.27,38.548,-37.466,1.361999,56.729323,0.46273964
0.556,2.5,3.31,38.485,-43.113,1.347,58.977282,-0.24708685
0.556,2.51,2.95,38.896,-14.621,1.215,40.205899,3.2909504
0.556,2.51,2.99,38.833,-15.622,1.263001,41.909513,3.0956397
0.556,2.51,3.03,38.77,-16.771,1.299,43.684727,2.8178991
0.556,2.51,3.07,38.71,-18.117,1.332001,45.564124,2.58569
0.556,2.51,3.11,38.65,-19.741,1.350002,47.536471,2.264378
0.556,2.51,3.15,38.59,-21.768,1.365002,49.612924,1.9451501
0.556,2.51,3.19,38.533,-24.107,1.370998,51.545009,1.6187623
0.556,2.51,3.23,38.476,-27.699,1.374,53.699802,1.0205561
0.556,2.51,3.27,38.422,-33.491,1.365002,55.869809,0.63997994
0.556,2.51,3.31,38.359,-60.068,1.353001,58.081582,-0.007793609
0.556,2.52,2.95,38.767,-14.324,1.197003,39.618272,2.9492037
0.556,2.52,2.99,38.704,-15.282,1.251,41.290371,2.7739355
0.556,2.52,3.03,38.644,-16.376,1.289997,43.054062,2.6614995
0.556,2.52,3.07,38.584,-17.647,1.323002,44.899629,2.4602046
0.556,2.52,3.11,38.524,-19.167,1.347,46.837512,2.1738109
0.556,2.52,3.15,38.464,-21.035,1.365002,48.877135,1.8956583
0.556,2.52,3.19,38.407,-23.141,1.368,50.771851,1.6071931
0.556,2.52,3.23,38.353,-26.254,1.374001,52.926796,1.2176138
0.556,2.52,3.27,38.296,-30.822,1.371003,55.022217,0.7294558
0.556,2.52,3.31,38.236,-41.175,1.362,57.234758,0.30218581
0.556,2.53,2.95,38.638,-14.044,1.179001,39.055437,2.58068
0.556,2.53,2.99,38.575,-14.963,1.232998,40.697301,2.423138
0.556,2.53,3.03,38.515,-16.007,1.277999,42.426779,2.3310026
0.556,2.53,3.07,38.455,-17.213,1.314,44.237561,2.1543321
0.556,2.53,3.11,38.398,-18.642,1.341,46.161874,2.043804
0.556,2.53,3.15,38.338,-20.376,1.359001,48.164899,1.8017498
0.556,2.53,3.19,38.281,-22.291,1.368,50.022695,1.5484803
0.556,2.53,3.23,38.227,-25.043,1.374,52.141581,1.2045103
0.556,2.53,3.27,38.17,-28.816,1.371002,54.195664,0.76364274
0.556,2.53,3.31,38.11,-35.758,1.365001,56.369895,0.38530073
0.556,2.54,2.95,38.509,-13.778,1.158001,38.512713,2.1586328
0.556,2.54,2.99,38.449,-14.661,1.215,40.1382,2.1523104
0.556,2.54,3.03,38.389,-15.66,1.265998,41.835883,2.0806819
0.556,2.54,3.07,38.329,-16.807,1.302002,43.614495,1.9285568
0.556,2.54,3.11,38.269,-18.156,1.334999,45.484831,1.6998756
0.556,2.54,3.15,38.212,-19.775,1.355999,47.470855,1.6362691
0.556,2.54,3.19,38.155,-21.532,1.365,49.291321,1.4135004
0.556,2.54,3.23,38.101,-24,1.374,51.373492,1.1111316
0.556,2.54,3.27,38.047,-27.223,1.374,53.416252,0.87147536
0.556,2.54,3.31,37.987,-32.493,1.368,55.551942,0.54149652
0.578,2.45,2.95,39.739,-16.152,0.909,42.309554,5.1881297
0.578,2.45,2.99,39.673,-17.424,0.993,44.138144,4.7611153
0.578,2.45,3.03,39.607,-18.941,1.074001,46.033323,4.2045728
0.578,2.45,3.07,39.541,-20.812,1.146,47.994963,3.5172722
0.578,2.45,3.11,39.478,-23.237,1.215,50.079418,2.8417285
0.578,2.45,3.15,39.412,-26.653,1.280998,52.206574,1.9744736
0.578,2.45,3.19,39.346,-31.987,1.344002,54.322197,1.1377588
0.578,2.45,3.23,39.292,-52.955,1.349998,56.675848,0.14818647
0.578,2.45,3.27,39.226,-34.861,1.332,58.754136,-0.93181515
0.578,2.45,3.31,39.175,-27.548,1.311001,61.337566,-2.1773928
0.578,2.46,2.95,39.607,-15.74,1.035,41.580206,5.003676
0.578,2.46,2.99,39.541,-16.939,1.118999,43.371847,4.6121261
0.578,2.46,3.03,39.475,-18.355,1.200001,45.231106,4.0963766
0.578,2.46,3.07,39.409,-20.076,1.275002,47.157946,3.4565464
0.578,2.46,3.11,39.346,-22.258,1.344002,49.203979,2.8340563
0.578,2.46,3.15,39.283,-25.215,1.368,51.35298,2.176099
0.578,2.46,3.19,39.217,-29.446,1.365002,53.435098,1.4047865
0.578,2.46,3.23,39.163,-39.233,1.355999,55.759029,0.49828984
0.578,2.46,3.27,39.1,-40.707,1.340999,57.881326,-0.35212955
0.578,2.46,3.31,39.046,-29.653,1.32,60.371323,-1.6506198
0.578,2.47,2.95,39.475,-15.356,1.158001,40.873467,4.7697687
0.578,2.47,2.99,39.409,-16.49,1.245,42.628542,4.4094251
0.578,2.47,3.03,39.343,-17.818,1.323002,44.45235,3.9311768
0.578,2.47,3.07,39.28,-19.41,1.344002,46.383994,3.4775567
0.578,2.47,3.11,39.217,-21.399,1.362,48.398947,2.9054788
0.578,2.47,3.15,39.154,-24.009,1.368,50.513458,2.3062319
0.578,2.47,3.19,39.088,-27.525,1.365,52.56057,1.5945857
0.578,2.47,3.23,39.034,-34.229,1.361999,54.851479,0.76415271
0.578,2.47,3.27,38.971,-65.562,1.347,56.941221,-0.017273827
0.578,2.47,3.31,38.92,-32.362,1.329002,59.478356,-1.0604196
0.578,2.48,2.95,39.343,-14.998,1.236,40.191399,4.4927254
0.578,2.48,2.99,39.277,-16.074,1.278,41.911206,4.1605584
0.578,2.48,3.03,39.214,-17.325,1.314,43.735049,3.854508
0.578,2.48,3.07,39.151,-18.809,1.338001,45.631828,3.4420495
0.578,2.48,3.11,39.088,-20.635,1.355999,47.612741,2.9173875
0.578,2.48,3.15,39.025,-22.974,1.365,49.690795,2.3721101
0.578,2.48,3.19,38.959,-25.986,1.368,51.702942,1.7144636
0.578,2.48,3.23,38.905,-31.137,1.365002,53.960222,0.95364974
0.578,2.48,3.27,38.842,-41.964,1.356003,56.014768,0.23626399
0.578,2.48,3.31,38.791,-36.217,1.341,58.517021,-0.71500075
0.578,2.49,2.95,39.214,-14.661,1.218002,39.553566,4.2793006
0.578,2.49,2.99,39.148,-15.685,1.263,41.240778,3.9746658
0.578,2.49,3.03,39.085,-16.868,1.302002,43.029354,3.7000502
0.578,2.49,3.07,39.022,-18.259,1.332001,44.890408,3.3244739
0.578,2.49,3.11,38.959,-19.947,1.352996,46.83654,2.8427002
0.578,2.49,3.15,38.896,-22.067,1.362,48.87706,2.3448781
0.578,2.49,3.19,38.833,-24.704,1.368,50.897153,1.8877284
0.578,2.49,3.23,38.779,-28.905,1.368,53.122998,1.1949641
0.578,2.49,3.27,38.716,-35.78,1.358997,55.143665,0.53675188
0.578,2.49,3.31,38.665,-43.078,1.350002,57.615662,-0.32915323
0.578,2.5,2.95,39.085,-14.344,1.199997,38.938759,4.0340224
0.578,2.5,2.99,39.019,-15.322,1.250999,40.594443,3.7543453
0.578,2.5,3.03,38.956,-16.445,1.290001,42.34841,3.5081398
0.578,2.5,3.07,38.893,-17.753,1.326,44.174902,3.1661121
0.578,2.5,3.11,38.83,-19.325,1.347,46.086233,2.7235493
0.578,2.5,3.15,38.77,-21.266,1.361999,48.126912,2.4161715
0.578,2.5,3.19,38.704,-23.613,1.368,50.069613,1.8560068
0.578,2.5,3.23,38.653,-27.166,1.370998,52.301201,1.3768179
0.578,2.5,3.27,38.59,-32.267,1.365002,54.28859,0.77320513
0.578,2.5,3.31,38.539,-57.321,1.355999,56.728719,-0.013263401
0.578,2.51,2.95,38.953,-14.046,1.178997,38.320194,3.6008098
0.578,2.51,2.99,38.89,-14.982,1.233002,39.965267,3.4732034
0.578,2.51,3.03,38.827,-16.05,1.278,41.685247,3.2521288
0.578,2.51,3.07,38.764,-17.286,1.313999,43.477077,2.9397022
0.578,2.51,3.11,38.704,-18.756,1.340999,45.38301,2.6757181
0.578,2.51,3.15,38.641,-20.547,1.356002,47.354558,2.263286
0.578,2.51,3.19,38.578,-22.663,1.365002,49.295031,1.8929895
0.578,2.51,3.23,38.527,-25.744,1.370999,51.486454,1.4695752
0.578,2.51,3.27,38.464,-29.816,1.368,53.440041,0.91604384
0.578,2.51,3.31,38.416,-40.564,1.361999,55.890316,0.36307534
0.578,2.52,2.95,38.824,-13.764,1.158001,37.743743,3.2483762
0.578,2.52,2.99,38.761,-14.66,1.217998,39.355703,3.138804
0.578,2.52,3.03,38.698,-15.679,1.266003,41.042368,2.9396324
0.578,2.52,3.07,38.638,-16.852,1.301998,42.823742,2.7922648
0.578,2.52,3.11,38.578,-18.233,1.334999,44.693611,2.5616424
0.578,2.52,3.15,38.515,-19.896,1.355999,46.63129,2.1883013
0.578,2.52,3.19,38.452,-21.822,1.365002,48.533919,1.8551818
0.578,2.52,3.23,38.401,-24.548,1.370998,50.68596,1.4822098
0.578,2.52,3.27,38.338,-27.939,1.368,52.603529,0.97388023
0.578,2.52,3.31,38.29,-35.25,1.365002,55.011663,0.4867706
0.578,2.53,2.95,38.698,-13.497,1.136997,37.207391,2.9992033
0.578,2.53,2.99,38.632,-14.358,1.200001,38.772267,2.7769243
0.578,2.53,3.03,38.572,-15.333,1.251,40.44503,2.7320572
0.578,2.53,3.07,38.509,-16.448,1.292999,42.172455,2.4722217
0.578,2.53,3.11,38.449,-17.751,1.326001,44.005168,2.2679455
0.578,2.53,3.15,38.389,-19.304,1.349998,45.931441,2.0710371
0.578,2.53,3.19,38.326,-21.073,1.361999,47.797077,1.7722936
0.578,2.53,3.23,38.275,-23.52,1.371002,49.91036,1.4459957
0.578,2.53,3.27,38.215,-26.432,1.370998,51.824645,1.1329962
0.578,2.53,3.31,38.164,-32.035,1.368,54.159865,0.55134058
0.578,2.54,2.95,38.569,-13.244,1.110001,36.67313,2.5699446
0.578,2.54,2.99,38.506,-14.073,1.179001,38.22353,2.492411
0.578,2.54,3.03,38.443,-15.007,1.236,39.848331,2.3323031
0.578,2.54,3.07,38.383,-16.069,1.280998,41.56079,2.2299029
0.578,2.54,3.11,38.323,-17.303,1.316998,43.359276,2.051775
0.578,2.54,3.15,38.263,-18.761,1.343998,45.249642,1.8848168
0.578,2.54,3.19,38.2,-20.395,1.355999,47.075759,1.6165176
0.578,2.54,3.23,38.149,-22.617,1.370999,49.152084,1.3319772
0.578,2.54,3.27,38.089,-25.172,1.373996,51.027885,1.0537412
0.578,2.54,3.31,38.041,-29.737,1.374001,53.355911,0.68703803
0.6,2.45,2.95,39.799,-15.516,0.84,40.525451,5.6887554
0.6,2.45,2.99,39.73,-16.699,0.926998,42.274146,5.2083707
0.6,2.45,3.03,39.661,-18.096,1.011002,44.083178,4.5960554
0.6,2.45,3.07,39.595,-19.786,1.089001,45.99982,3.9896028
0.6,2.45,3.11,39.529,-21.922,1.160999,47.982481,3.2485858
0.6,2.45,3.15,39.466,-24.81,1.227001,50.099568,2.5242052
0.6,2.45,3.19,39.4,-29.235,1.292999,52.25788,1.5905122
0.6,2.45,3.23,39.337,-37.527,1.349998,54.336921,0.68842102
0.6,2.45,3.27,39.277,-37.479,1.338001,56.989011,-0.65354559
0.6,2.45,3.31,39.217,-30.122,1.317002,58.821113,-1.6032975
0.6,2.46,2.95,39.667,-15.127,0.963001,39.803213,5.4853863
0.6,2.46,2.99,39.598,-16.245,1.053001,41.516086,5.0389581
0.6,2.46,3.03,39.529,-17.553,1.137001,43.290093,4.46584
0.6,2.46,3.07,39.463,-19.117,1.215,45.169242,3.9043441
0.6,2.46,3.11,39.4,-21.059,1.286999,47.166081,3.355318
0.6,2.46,3.15,39.337,-23.606,1.355999,49.247313,2.6926281
0.6,2.46,3.19,39.271,-27.283,1.365002,51.376806,1.8287295
0.6,2.46,3.23,39.208,-33.084,1.358997,53.423281,0.99606887
0.6,2.46,3.27,39.148,-47.291,1.347,56.049224,-0.24345664
0.6,2.46,3.31,39.088,-33.17,1.326001,57.855279,-1.124675
0.6,2.47,2.95,39.535,-14.764,1.083,39.103723,5.2346805
0.6,2.47,2.99,39.466,-15.824,1.175999,40.781179,4.818393
0.6,2.47,3.03,39.4,-17.055,1.263,42.559993,4.4155037
0.6,2.47,3.07,39.334,-18.511,1.334999,44.405487,3.8973156
0.6,2.47,3.11,39.271,-20.292,1.353,46.365743,3.3975498
0.6,2.47,3.15,39.208,-22.573,1.365002,48.410534,2.7907037
0.6,2.47,3.19,39.142,-25.723,1.368,50.508234,1.9914235
0.6,2.47,3.23,39.079,-30.214,1.361999,52.521362,1.2224298
0.6,2.47,3.27,39.022,-46.825,1.353001,55.182682,0.22925813
0.6,2.47,3.31,38.962,-37.767,1.338002,56.964677,-0.58712425
0.6,2.48,2.95,39.403,-14.424,1.206001,38.429126,4.9431497
0.6,2.48,2.99,39.337,-15.432,1.254002,40.104787,4.6845091
0.6,2.48,3.03,39.271,-16.594,1.296002,41.849171,4.3158008
0.6,2.48,3.07,39.205,-17.958,1.326,43.661242,3.8368529
0.6,2.48,3.11,39.142,-19.604,1.347,45.58488,3.381925
0.6,2.48,3.15,39.079,-21.671,1.361999,47.593402,2.8263946
0.6,2.48,3.19,39.013,-24.43,1.368,49.657886,2.0850911
0.6,2.48,3.23,38.953,-28.105,1.365002,51.68955,1.5236246
0.6,2.48,3.27,38.893,-37.582,1.362,54.259805,0.47164223
0.6,2.48,3.31,38.836,-47.661,1.347001,56.074871,-0.13344181
0.6,2.49,2.95,39.274,-14.103,1.185001,37.79906,4.7133006
0.6,2.49,2.99,39.205,-15.065,1.239002,39.411623,4.3495771
0.6,2.49,3.03,39.139,-16.167,1.284001,41.119228,4.0077085
0.6,2.49,3.07,39.076,-17.449,1.317001,42.928748,3.6972014
0.6,2.49,3.11,39.013,-18.981,1.343998,44.81567,3.282667
0.6,2.49,3.15,38.95,-20.871,1.355999,46.786662,2.7736162
0.6,2.49,3.19,38.887,-23.33,1.368,48.862207,2.2305814
0.6,2.49,3.23,38.824,-26.442,1.368,50.80732,1.5762008
0.6,2.49,3.27,38.767,-33.281,1.368,53.394106,0.75689606
0.6,2.49,3.31,38.71,-46.881,1.353,55.1755,0.20804259
0.6,2.5,2.95,39.142,-13.802,1.161,37.168637,4.3265124
0.6,2.5,2.99,39.076,-14.722,1.221001,38.774698,4.1128326
0.6,2.5,3.03,39.01,-15.769,1.269001,40.449303,3.798069
0.6,2.5,3.07,38.947,-16.98,1.305,42.222655,3.5187987
0.6,2.5,3.11,38.884,-18.412,1.334999,44.073127,3.1404782
0.6,2.5,3.15,38.824,-20.155,1.353001,46.043453,2.8162668
0.6,2.5,3.19,38.761,-22.374,1.365,48.084292,2.3241719
0.6,2.5,3.23,38.698,-25.077,1.368,49.995824,1.7208124
0.6,2.5,3.27,38.641,-30.476,1.368,52.545805,0.9795911
0.6,2.5,3.31,38.584,-37.748,1.358997,54.291057,0.48063469
0.6,2.51,2.95,39.013,-13.518,1.14,36.581818,4.0118528
0.6,2.51,2.99,38.947,-14.399,1.202999,38.155376,3.8178695
0.6,2.51,3.03,38.884,-15.398,1.253998,39.822406,3.6587006
0.6,2.51,3.07,38.821,-16.545,1.295998,41.562111,3.4099977
0.6,2.51,3.11,38.758,-17.89,1.326,43.379037,3.0674827
0.6,2.51,3.15,38.695,-19.507,1.349998,45.278082,2.6419279
0.6,2.51,3.19,38.632,-21.53,1.362,47.280278,2.1930836
0.6,2.51,3.23,38.572,-23.921,1.368,49.193382,1.7804105
0.6,2.51,3.27,38.515,-28.394,1.374001,51.703181,1.1115407
0.6,2.51,3.31,38.458,-33.465,1.361999,53.413305,0.65651979
0.6,2.52,2.95,38.884,-13.248,1.112999,36.013682,3.6491733
0.6,2.52,2.99,38.818,-14.094,1.181999,37.555824,3.4721101
0.6,2.52,3.03,38.755,-15.049,1.239003,39.187839,3.3329476
0.6,2.52,3.07,38.692,-16.139,1.281002,40.892448,3.1083185
0.6,2.52,3.11,38.632,-17.408,1.316998,42.699635,2.9317689
0.6,2.52,3.15,38.569,-18.917,1.343998,44.564045,2.542421
0.6,2.52,3.19,38.506,-20.777,1.359001,46.531076,2.1352524
0.6,2.52,3.23,38.446,-22.92,1.368,48.404793,1.7634079
0.6,2.52,3.27,38.392,-26.748,1.374,50.911614,1.3102796
0.6,2.52,3.31,38.335,-30.658,1.368,52.589201,0.89817812
0.6,2.53,2.95,38.755,-12.993,1.088997,35.470564,3.2628726
0.6,2.53,2.99,38.692,-13.807,1.160999,36.999705,3.2272809
0.6,2.53,3.03,38.629,-14.721,1.220996,38.599682,3.1087546
0.6,2.53,3.07,38.566,-15.76,1.269001,40.27213,2.9084542
0.6,2.53,3.11,38.503,-16.959,1.305,42.017919,2.6239169
0.6,2.53,3.15,38.443,-18.377,1.338002,43.874276,2.4031293
0.6,2.53,3.19,38.383,-20.1,1.355999,45.834026,2.1779536
0.6,2.53,3.23,38.323,-22.043,1.365,47.671876,1.8454556
0.6,2.53,3.27,38.266,-25.396,1.376999,50.103487,1.3054871
0.6,2.53,3.31,38.209,-28.579,1.370999,51.742616,0.93015636
0.6,2.54,2.95,38.629,-12.75,1.062,34.958116,2.9511118
0.6,2.54,2.99,38.563,-13.535,1.139999,36.444147,2.8043484
0.6,2.54,3.03,38.5,-14.412,1.206001,38.011399,2.7001493
0.6,2.54,3.07,38.44,-15.405,1.253998,39.668626,2.650186
0.6,2.54,3.11,38.377,-16.544,1.299,41.382091,2.3908316
0.6,2.54,3.15,38.317,-17.879,1.328999,43.202696,2.1984498
0.6,2.54,3.19,38.257,-19.484,1.353,45.122889,2.0063275
0.6,2.54,3.23,38.197,-21.263,1.361999,46.923352,1.7058105
0.6,2.54,3.27,38.143,-24.244,1.376999,49.339642,1.3705509
0.6,2.54,3.31,38.086,-26.938,1.371003,50.948714,1.0289623
